"Date_Cible","Heure","TagName","Valeur"
"16/11/2025 05:30:00","05:30:00","CIn1P_T1_ConsoMasse_ISO_Tot","0"
"16/11/2025 05:30:00","05:30:00","CIn1P_T1_ConsoMasse_PO_Tot","0"
"16/11/2025 05:30:00","05:30:00","CIn1P_T2_ConsoMasse_ISO_Tot","0"
"16/11/2025 05:30:00","05:30:00","CIn1P_T2_ConsoMasse_PO_Tot","0"
"16/11/2025 05:30:00","05:30:00","FIn1P_T1_ConsoMasse_ISO_Tot","79143,0390625"
"16/11/2025 05:30:00","05:30:00","FIn1P_T1_ConsoMasse_PO_Tot","117841,6796875"
"16/11/2025 05:30:00","05:30:00","FIn1P_T2_ConsoMasse_ISO_Tot","79197,0625"
"16/11/2025 05:30:00","05:30:00","FIn1P_T2_ConsoMasse_PO_Tot","118304,296875"
"16/11/2025 05:30:00","05:30:00","FIn2P_T1_ConsoMasse_ISO_Tot","79015,671875"
"16/11/2025 05:30:00","05:30:00","FIn2P_T1_ConsoMasse_PO_Tot","117617,5703125"
"16/11/2025 05:30:00","05:30:00","FIn2P_T2_ConsoMasse_ISO_Tot","79174,7109375"
"16/11/2025 05:30:00","05:30:00","FIn2P_T2_ConsoMasse_PO_Tot","117648,0546875"
"16/11/2025 05:30:00","05:30:00","JInjP_T1_ConsoMasse_ISO_Tot","63777,91015625"
"16/11/2025 05:30:00","05:30:00","JInjP_T1_ConsoMasse_PO_Tot","93059,3984375"
"16/11/2025 05:30:00","05:30:00","JInjP_T2_ConsoMasse_ISO_Tot","63615,546875"
"16/11/2025 05:30:00","05:30:00","JInjP_T2_ConsoMasse_PO_Tot","93198,421875"
"16/11/2025 05:30:00","05:30:00","LDIn1P_T1_ConsoMasse_ISO_Tot","67888,7265625"
"16/11/2025 05:30:00","05:30:00","LDIn1P_T1_ConsoMasse_PO_Tot","99918,625"
"16/11/2025 05:30:00","05:30:00","LDIn1P_T2_ConsoMasse_ISO_Tot","68389,9921875"
"16/11/2025 05:30:00","05:30:00","LDIn1P_T2_ConsoMasse_PO_Tot","99986,1796875"
"16/11/2025 05:30:00","05:30:00","LDIn2P_T1_ConsoMasse_ISO_Tot","67330,453125"
"16/11/2025 05:30:00","05:30:00","LDIn2P_T1_ConsoMasse_PO_Tot","100244,296875"
"16/11/2025 05:30:00","05:30:00","LDIn2P_T2_ConsoMasse_ISO_Tot","67192,6484375"
"16/11/2025 05:30:00","05:30:00","LDIn2P_T2_ConsoMasse_PO_Tot","100238,203125"
"16/11/2025 13:30:00","13:30:00","CIn1P_T1_ConsoMasse_ISO_Tot","0"
"16/11/2025 13:30:00","13:30:00","CIn1P_T1_ConsoMasse_PO_Tot","0"
"16/11/2025 13:30:00","13:30:00","CIn1P_T2_ConsoMasse_ISO_Tot","0"
"16/11/2025 13:30:00","13:30:00","CIn1P_T2_ConsoMasse_PO_Tot","0"
"16/11/2025 13:30:00","13:30:00","FIn1P_T1_ConsoMasse_ISO_Tot","79926,0703125"
"16/11/2025 13:30:00","13:30:00","FIn1P_T1_ConsoMasse_PO_Tot","116242,375"
"16/11/2025 13:30:00","13:30:00","FIn1P_T2_ConsoMasse_ISO_Tot","79719,9375"
"16/11/2025 13:30:00","13:30:00","FIn1P_T2_ConsoMasse_PO_Tot","116581,5625"
"16/11/2025 13:30:00","13:30:00","FIn2P_T1_ConsoMasse_ISO_Tot","77937,78125"
"16/11/2025 13:30:00","13:30:00","FIn2P_T1_ConsoMasse_PO_Tot","116464,109375"
"16/11/2025 13:30:00","13:30:00","FIn2P_T2_ConsoMasse_ISO_Tot","78094,6484375"
"16/11/2025 13:30:00","13:30:00","FIn2P_T2_ConsoMasse_PO_Tot","116494,3046875"
"16/11/2025 13:30:00","13:30:00","JInjP_T1_ConsoMasse_ISO_Tot","58231,9609375"
"16/11/2025 13:30:00","13:30:00","JInjP_T1_ConsoMasse_PO_Tot","85755,6796875"
"16/11/2025 13:30:00","13:30:00","JInjP_T2_ConsoMasse_ISO_Tot","58083,71875"
"16/11/2025 13:30:00","13:30:00","JInjP_T2_ConsoMasse_PO_Tot","85883,7890625"
"16/11/2025 13:30:00","13:30:00","LDIn1P_T1_ConsoMasse_ISO_Tot","68304,1875"
"16/11/2025 13:30:00","13:30:00","LDIn1P_T1_ConsoMasse_PO_Tot","100619,0390625"
"16/11/2025 13:30:00","13:30:00","LDIn1P_T2_ConsoMasse_ISO_Tot","68711,6796875"
"16/11/2025 13:30:00","13:30:00","LDIn1P_T2_ConsoMasse_PO_Tot","100545,359375"
"16/11/2025 13:30:00","13:30:00","LDIn2P_T1_ConsoMasse_ISO_Tot","64080,265625"
"16/11/2025 13:30:00","13:30:00","LDIn2P_T1_ConsoMasse_PO_Tot","94234,2109375"
"16/11/2025 13:30:00","13:30:00","LDIn2P_T2_ConsoMasse_ISO_Tot","64190,91796875"
"16/11/2025 13:30:00","13:30:00","LDIn2P_T2_ConsoMasse_PO_Tot","94576,921875"
"16/11/2025 21:30:00","21:30:00","CIn1P_T1_ConsoMasse_ISO_Tot","0"
"16/11/2025 21:30:00","21:30:00","CIn1P_T1_ConsoMasse_PO_Tot","0"
"16/11/2025 21:30:00","21:30:00","CIn1P_T2_ConsoMasse_ISO_Tot","0"
"16/11/2025 21:30:00","21:30:00","CIn1P_T2_ConsoMasse_PO_Tot","0"
"16/11/2025 21:30:00","21:30:00","FIn1P_T1_ConsoMasse_ISO_Tot","76035,734375"
"16/11/2025 21:30:00","21:30:00","FIn1P_T1_ConsoMasse_PO_Tot","111038,546875"
"16/11/2025 21:30:00","21:30:00","FIn1P_T2_ConsoMasse_ISO_Tot","75839,640625"
"16/11/2025 21:30:00","21:30:00","FIn1P_T2_ConsoMasse_PO_Tot","111362,5625"
"16/11/2025 21:30:00","21:30:00","FIn2P_T1_ConsoMasse_ISO_Tot","75162,6640625"
"16/11/2025 21:30:00","21:30:00","FIn2P_T1_ConsoMasse_PO_Tot","111821,203125"
"16/11/2025 21:30:00","21:30:00","FIn2P_T2_ConsoMasse_ISO_Tot","75213,5859375"
"16/11/2025 21:30:00","21:30:00","FIn2P_T2_ConsoMasse_PO_Tot","111896,9609375"
"16/11/2025 21:30:00","21:30:00","JInjP_T1_ConsoMasse_ISO_Tot","63361,66796875"
"16/11/2025 21:30:00","21:30:00","JInjP_T1_ConsoMasse_PO_Tot","93151,7265625"
"16/11/2025 21:30:00","21:30:00","JInjP_T2_ConsoMasse_ISO_Tot","63244,21875"
"16/11/2025 21:30:00","21:30:00","JInjP_T2_ConsoMasse_PO_Tot","93246,265625"
"16/11/2025 21:30:00","21:30:00","LDIn1P_T1_ConsoMasse_ISO_Tot","60007,5703125"
"16/11/2025 21:30:00","21:30:00","LDIn1P_T1_ConsoMasse_PO_Tot","88319,140625"
"16/11/2025 21:30:00","21:30:00","LDIn1P_T2_ConsoMasse_ISO_Tot","60332,640625"
"16/11/2025 21:30:00","21:30:00","LDIn1P_T2_ConsoMasse_PO_Tot","88206,328125"
"16/11/2025 21:30:00","21:30:00","LDIn2P_T1_ConsoMasse_ISO_Tot","60027,53125"
"16/11/2025 21:30:00","21:30:00","LDIn2P_T1_ConsoMasse_PO_Tot","88150,4296875"
"16/11/2025 21:30:00","21:30:00","LDIn2P_T2_ConsoMasse_ISO_Tot","60131,1875"
"16/11/2025 21:30:00","21:30:00","LDIn2P_T2_ConsoMasse_PO_Tot","88471,015625"
"17/11/2025 05:30:00","05:30:00","CIn1P_T1_ConsoMasse_ISO_Tot","0"
"17/11/2025 05:30:00","05:30:00","CIn1P_T1_ConsoMasse_PO_Tot","0"
"17/11/2025 05:30:00","05:30:00","CIn1P_T2_ConsoMasse_ISO_Tot","0"
"17/11/2025 05:30:00","05:30:00","CIn1P_T2_ConsoMasse_PO_Tot","0"
"17/11/2025 05:30:00","05:30:00","FIn1P_T1_ConsoMasse_ISO_Tot","76739,7890625"
"17/11/2025 05:30:00","05:30:00","FIn1P_T1_ConsoMasse_PO_Tot","111838,8671875"
"17/11/2025 05:30:00","05:30:00","FIn1P_T2_ConsoMasse_ISO_Tot","76541,8828125"
"17/11/2025 05:30:00","05:30:00","FIn1P_T2_ConsoMasse_PO_Tot","112165,2109375"
"17/11/2025 05:30:00","05:30:00","FIn2P_T1_ConsoMasse_ISO_Tot","75258,5078125"
"17/11/2025 05:30:00","05:30:00","FIn2P_T1_ConsoMasse_PO_Tot","111896,25"
"17/11/2025 05:30:00","05:30:00","FIn2P_T2_ConsoMasse_ISO_Tot","75309,4921875"
"17/11/2025 05:30:00","05:30:00","FIn2P_T2_ConsoMasse_PO_Tot","111972,0546875"
"17/11/2025 05:30:00","05:30:00","JInjP_T1_ConsoMasse_ISO_Tot","66104,65625"
"17/11/2025 05:30:00","05:30:00","JInjP_T1_ConsoMasse_PO_Tot","97100,9609375"
"17/11/2025 05:30:00","05:30:00","JInjP_T2_ConsoMasse_ISO_Tot","65932,9453125"
"17/11/2025 05:30:00","05:30:00","JInjP_T2_ConsoMasse_PO_Tot","97199,515625"
"17/11/2025 05:30:00","05:30:00","LDIn1P_T1_ConsoMasse_ISO_Tot","66156,3828125"
"17/11/2025 05:30:00","05:30:00","LDIn1P_T1_ConsoMasse_PO_Tot","97947,078125"
"17/11/2025 05:30:00","05:30:00","LDIn1P_T2_ConsoMasse_ISO_Tot","66551,0625"
"17/11/2025 05:30:00","05:30:00","LDIn1P_T2_ConsoMasse_PO_Tot","97875,359375"
"17/11/2025 05:30:00","05:30:00","LDIn2P_T1_ConsoMasse_ISO_Tot","65990,234375"
"17/11/2025 05:30:00","05:30:00","LDIn2P_T1_ConsoMasse_PO_Tot","97965,34375"
"17/11/2025 05:30:00","05:30:00","LDIn2P_T2_ConsoMasse_ISO_Tot","66104,1875"
"17/11/2025 05:30:00","05:30:00","LDIn2P_T2_ConsoMasse_PO_Tot","98277,3515625"
"17/11/2025 13:30:00","13:30:00","CIn1P_T1_ConsoMasse_ISO_Tot","51801,20703125"
"17/11/2025 13:30:00","13:30:00","CIn1P_T1_ConsoMasse_PO_Tot","75840,859375"
"17/11/2025 13:30:00","13:30:00","CIn1P_T2_ConsoMasse_ISO_Tot","51463,1328125"
"17/11/2025 13:30:00","13:30:00","CIn1P_T2_ConsoMasse_PO_Tot","75667,078125"
"17/11/2025 13:30:00","13:30:00","FIn1P_T1_ConsoMasse_ISO_Tot","73923,3671875"
"17/11/2025 13:30:00","13:30:00","FIn1P_T1_ConsoMasse_PO_Tot","110382,2421875"
"17/11/2025 13:30:00","13:30:00","FIn1P_T2_ConsoMasse_ISO_Tot","74073,859375"
"17/11/2025 13:30:00","13:30:00","FIn1P_T2_ConsoMasse_PO_Tot","110681,2421875"
"17/11/2025 13:30:00","13:30:00","FIn2P_T1_ConsoMasse_ISO_Tot","75184,7421875"
"17/11/2025 13:30:00","13:30:00","FIn2P_T1_ConsoMasse_PO_Tot","111787,015625"
"17/11/2025 13:30:00","13:30:00","FIn2P_T2_ConsoMasse_ISO_Tot","75235,6796875"
"17/11/2025 13:30:00","13:30:00","FIn2P_T2_ConsoMasse_PO_Tot","111862,7421875"
"17/11/2025 13:30:00","13:30:00","JInjP_T1_ConsoMasse_ISO_Tot","64266,65625"
"17/11/2025 13:30:00","13:30:00","JInjP_T1_ConsoMasse_PO_Tot","94354,7578125"
"17/11/2025 13:30:00","13:30:00","JInjP_T2_ConsoMasse_ISO_Tot","64254,8125"
"17/11/2025 13:30:00","13:30:00","JInjP_T2_ConsoMasse_PO_Tot","95015,2265625"
"17/11/2025 13:30:00","13:30:00","LDIn1P_T1_ConsoMasse_ISO_Tot","64045,07421875"
"17/11/2025 13:30:00","13:30:00","LDIn1P_T1_ConsoMasse_PO_Tot","93781,203125"
"17/11/2025 13:30:00","13:30:00","LDIn1P_T2_ConsoMasse_ISO_Tot","64047,2578125"
"17/11/2025 13:30:00","13:30:00","LDIn1P_T2_ConsoMasse_PO_Tot","94642,6328125"
"17/11/2025 13:30:00","13:30:00","LDIn2P_T1_ConsoMasse_ISO_Tot","62569,71875"
"17/11/2025 13:30:00","13:30:00","LDIn2P_T1_ConsoMasse_PO_Tot","91896,3359375"
"17/11/2025 13:30:00","13:30:00","LDIn2P_T2_ConsoMasse_ISO_Tot","62731,34375"
"17/11/2025 13:30:00","13:30:00","LDIn2P_T2_ConsoMasse_PO_Tot","92027"
"17/11/2025 21:30:00","21:30:00","CIn1P_T1_ConsoMasse_ISO_Tot","64138,0546875"
"17/11/2025 21:30:00","21:30:00","CIn1P_T1_ConsoMasse_PO_Tot","94036,375"
"17/11/2025 21:30:00","21:30:00","CIn1P_T2_ConsoMasse_ISO_Tot","64101,48046875"
"17/11/2025 21:30:00","21:30:00","CIn1P_T2_ConsoMasse_PO_Tot","94271,8984375"
"17/11/2025 21:30:00","21:30:00","FIn1P_T1_ConsoMasse_ISO_Tot","71028,125"
"17/11/2025 21:30:00","21:30:00","FIn1P_T1_ConsoMasse_PO_Tot","106404,6171875"
"17/11/2025 21:30:00","21:30:00","FIn1P_T2_ConsoMasse_ISO_Tot","71172,71875"
"17/11/2025 21:30:00","21:30:00","FIn1P_T2_ConsoMasse_PO_Tot","106692,84375"
"17/11/2025 21:30:00","21:30:00","FIn2P_T1_ConsoMasse_ISO_Tot","69229,3984375"
"17/11/2025 21:30:00","21:30:00","FIn2P_T1_ConsoMasse_PO_Tot","102073,078125"
"17/11/2025 21:30:00","21:30:00","FIn2P_T2_ConsoMasse_ISO_Tot","68937,03125"
"17/11/2025 21:30:00","21:30:00","FIn2P_T2_ConsoMasse_PO_Tot","102053,484375"
"17/11/2025 21:30:00","21:30:00","JInjP_T1_ConsoMasse_ISO_Tot","64348,171875"
"17/11/2025 21:30:00","21:30:00","JInjP_T1_ConsoMasse_PO_Tot","93714,7890625"
"17/11/2025 21:30:00","21:30:00","JInjP_T2_ConsoMasse_ISO_Tot","64473,265625"
"17/11/2025 21:30:00","21:30:00","JInjP_T2_ConsoMasse_PO_Tot","94690,296875"
"17/11/2025 21:30:00","21:30:00","LDIn1P_T1_ConsoMasse_ISO_Tot","63585,74609375"
"17/11/2025 21:30:00","21:30:00","LDIn1P_T1_ConsoMasse_PO_Tot","94034,8046875"
"17/11/2025 21:30:00","21:30:00","LDIn1P_T2_ConsoMasse_ISO_Tot","63587,9140625"
"17/11/2025 21:30:00","21:30:00","LDIn1P_T2_ConsoMasse_PO_Tot","94898,5625"
"17/11/2025 21:30:00","21:30:00","LDIn2P_T1_ConsoMasse_ISO_Tot","63358,83203125"
"17/11/2025 21:30:00","21:30:00","LDIn2P_T1_ConsoMasse_PO_Tot","94726,3984375"
"17/11/2025 21:30:00","21:30:00","LDIn2P_T2_ConsoMasse_ISO_Tot","63514,578125"
"17/11/2025 21:30:00","21:30:00","LDIn2P_T2_ConsoMasse_PO_Tot","94848,609375"
"18/11/2025 05:30:00","05:30:00","CIn1P_T1_ConsoMasse_ISO_Tot","69429,515625"
"18/11/2025 05:30:00","05:30:00","CIn1P_T1_ConsoMasse_PO_Tot","101804,7265625"
"18/11/2025 05:30:00","05:30:00","CIn1P_T2_ConsoMasse_ISO_Tot","68963,34375"
"18/11/2025 05:30:00","05:30:00","CIn1P_T2_ConsoMasse_PO_Tot","101356,9140625"
"18/11/2025 05:30:00","05:30:00","FIn1P_T1_ConsoMasse_ISO_Tot","73146,5546875"
"18/11/2025 05:30:00","05:30:00","FIn1P_T1_ConsoMasse_PO_Tot","109336,640625"
"18/11/2025 05:30:00","05:30:00","FIn1P_T2_ConsoMasse_ISO_Tot","73295,4609375"
"18/11/2025 05:30:00","05:30:00","FIn1P_T2_ConsoMasse_PO_Tot","109632,8046875"
"18/11/2025 05:30:00","05:30:00","FIn2P_T1_ConsoMasse_ISO_Tot","74274,3203125"
"18/11/2025 05:30:00","05:30:00","FIn2P_T1_ConsoMasse_PO_Tot","108691,9765625"
"18/11/2025 05:30:00","05:30:00","FIn2P_T2_ConsoMasse_ISO_Tot","73960,6484375"
"18/11/2025 05:30:00","05:30:00","FIn2P_T2_ConsoMasse_PO_Tot","108671,125"
"18/11/2025 05:30:00","05:30:00","JInjP_T1_ConsoMasse_ISO_Tot","64756,4609375"
"18/11/2025 05:30:00","05:30:00","JInjP_T1_ConsoMasse_PO_Tot","94201,7265625"
"18/11/2025 05:30:00","05:30:00","JInjP_T2_ConsoMasse_ISO_Tot","64616,265625"
"18/11/2025 05:30:00","05:30:00","JInjP_T2_ConsoMasse_PO_Tot","95014,6328125"
"18/11/2025 05:30:00","05:30:00","LDIn1P_T1_ConsoMasse_ISO_Tot","65746,8515625"
"18/11/2025 05:30:00","05:30:00","LDIn1P_T1_ConsoMasse_PO_Tot","97552,1484375"
"18/11/2025 05:30:00","05:30:00","LDIn1P_T2_ConsoMasse_ISO_Tot","65749,09375"
"18/11/2025 05:30:00","05:30:00","LDIn1P_T2_ConsoMasse_PO_Tot","98448,21875"
"18/11/2025 05:30:00","05:30:00","LDIn2P_T1_ConsoMasse_ISO_Tot","65309,140625"
"18/11/2025 05:30:00","05:30:00","LDIn2P_T1_ConsoMasse_PO_Tot","97545,4609375"
"18/11/2025 05:30:00","05:30:00","LDIn2P_T2_ConsoMasse_ISO_Tot","65411,35546875"
"18/11/2025 05:30:00","05:30:00","LDIn2P_T2_ConsoMasse_PO_Tot","97585,828125"
"18/11/2025 13:30:00","13:30:00","CIn1P_T1_ConsoMasse_ISO_Tot","79563,9453125"
"18/11/2025 13:30:00","13:30:00","CIn1P_T1_ConsoMasse_PO_Tot","116262,328125"
"18/11/2025 13:30:00","13:30:00","CIn1P_T2_ConsoMasse_ISO_Tot","79164,3203125"
"18/11/2025 13:30:00","13:30:00","CIn1P_T2_ConsoMasse_PO_Tot","115947,4375"
"18/11/2025 13:30:00","13:30:00","FIn1P_T1_ConsoMasse_ISO_Tot","71168,125"
"18/11/2025 13:30:00","13:30:00","FIn1P_T1_ConsoMasse_PO_Tot","107145,0703125"
"18/11/2025 13:30:00","13:30:00","FIn1P_T2_ConsoMasse_ISO_Tot","71313,0078125"
"18/11/2025 13:30:00","13:30:00","FIn1P_T2_ConsoMasse_PO_Tot","107435,3046875"
"18/11/2025 13:30:00","13:30:00","FIn2P_T1_ConsoMasse_ISO_Tot","73094,8203125"
"18/11/2025 13:30:00","13:30:00","FIn2P_T1_ConsoMasse_PO_Tot","106750,6796875"
"18/11/2025 13:30:00","13:30:00","FIn2P_T2_ConsoMasse_ISO_Tot","72786,1328125"
"18/11/2025 13:30:00","13:30:00","FIn2P_T2_ConsoMasse_PO_Tot","106730,1953125"
"18/11/2025 13:30:00","13:30:00","JInjP_T1_ConsoMasse_ISO_Tot","56150,35546875"
"18/11/2025 13:30:00","13:30:00","JInjP_T1_ConsoMasse_PO_Tot","82947,171875"
"18/11/2025 13:30:00","13:30:00","JInjP_T2_ConsoMasse_ISO_Tot","55932,33203125"
"18/11/2025 13:30:00","13:30:00","JInjP_T2_ConsoMasse_PO_Tot","83358,0546875"
"18/11/2025 13:30:00","13:30:00","LDIn1P_T1_ConsoMasse_ISO_Tot","13292,9423828125"
"18/11/2025 13:30:00","13:30:00","LDIn1P_T1_ConsoMasse_PO_Tot","20787,994140625"
"18/11/2025 13:30:00","13:30:00","LDIn1P_T2_ConsoMasse_ISO_Tot","13293,3955078125"
"18/11/2025 13:30:00","13:30:00","LDIn1P_T2_ConsoMasse_PO_Tot","20978,943359375"
"18/11/2025 13:30:00","13:30:00","LDIn2P_T1_ConsoMasse_ISO_Tot","15562,51953125"
"18/11/2025 13:30:00","13:30:00","LDIn2P_T1_ConsoMasse_PO_Tot","24473,4296875"
"18/11/2025 13:30:00","13:30:00","LDIn2P_T2_ConsoMasse_ISO_Tot","15594,6279296875"
"18/11/2025 13:30:00","13:30:00","LDIn2P_T2_ConsoMasse_PO_Tot","24495,525390625"
"18/11/2025 21:30:00","21:30:00","CIn1P_T1_ConsoMasse_ISO_Tot","73524,8203125"
"18/11/2025 21:30:00","21:30:00","CIn1P_T1_ConsoMasse_PO_Tot","107353,796875"
"18/11/2025 21:30:00","21:30:00","CIn1P_T2_ConsoMasse_ISO_Tot","73573,578125"
"18/11/2025 21:30:00","21:30:00","CIn1P_T2_ConsoMasse_PO_Tot","107918,1328125"
"18/11/2025 21:30:00","21:30:00","FIn1P_T1_ConsoMasse_ISO_Tot","76159,4296875"
"18/11/2025 21:30:00","21:30:00","FIn1P_T1_ConsoMasse_PO_Tot","113821,8984375"
"18/11/2025 21:30:00","21:30:00","FIn1P_T2_ConsoMasse_ISO_Tot","76314,46875"
"18/11/2025 21:30:00","21:30:00","FIn1P_T2_ConsoMasse_PO_Tot","114130,21875"
"18/11/2025 21:30:00","21:30:00","FIn2P_T1_ConsoMasse_ISO_Tot","76376,1171875"
"18/11/2025 21:30:00","21:30:00","FIn2P_T1_ConsoMasse_PO_Tot","112866,59375"
"18/11/2025 21:30:00","21:30:00","FIn2P_T2_ConsoMasse_ISO_Tot","76053,5625"
"18/11/2025 21:30:00","21:30:00","FIn2P_T2_ConsoMasse_PO_Tot","112844,9296875"
"18/11/2025 21:30:00","21:30:00","JInjP_T1_ConsoMasse_ISO_Tot","66234,03125"
"18/11/2025 21:30:00","21:30:00","JInjP_T1_ConsoMasse_PO_Tot","96423,5078125"
"18/11/2025 21:30:00","21:30:00","JInjP_T2_ConsoMasse_ISO_Tot","65648,3515625"
"18/11/2025 21:30:00","21:30:00","JInjP_T2_ConsoMasse_PO_Tot","96128,875"
"18/11/2025 21:30:00","21:30:00","LDIn1P_T1_ConsoMasse_ISO_Tot","35442,67578125"
"18/11/2025 21:30:00","21:30:00","LDIn1P_T1_ConsoMasse_PO_Tot","54046,30859375"
"18/11/2025 21:30:00","21:30:00","LDIn1P_T2_ConsoMasse_ISO_Tot","35362,28515625"
"18/11/2025 21:30:00","21:30:00","LDIn1P_T2_ConsoMasse_PO_Tot","54530,7578125"
"18/11/2025 21:30:00","21:30:00","LDIn2P_T1_ConsoMasse_ISO_Tot","38369,40234375"
"18/11/2025 21:30:00","21:30:00","LDIn2P_T1_ConsoMasse_PO_Tot","56546,234375"
"18/11/2025 21:30:00","21:30:00","LDIn2P_T2_ConsoMasse_ISO_Tot","38488,6015625"
"18/11/2025 21:30:00","21:30:00","LDIn2P_T2_ConsoMasse_PO_Tot","56655,9921875"
"19/11/2025 05:30:00","05:30:00","CIn1P_T1_ConsoMasse_ISO_Tot","71169,0546875"
"19/11/2025 05:30:00","05:30:00","CIn1P_T1_ConsoMasse_PO_Tot","103915,546875"
"19/11/2025 05:30:00","05:30:00","CIn1P_T2_ConsoMasse_ISO_Tot","71216,2421875"
"19/11/2025 05:30:00","05:30:00","CIn1P_T2_ConsoMasse_PO_Tot","104461,8125"
"19/11/2025 05:30:00","05:30:00","FIn1P_T1_ConsoMasse_ISO_Tot","73528,765625"
"19/11/2025 05:30:00","05:30:00","FIn1P_T1_ConsoMasse_PO_Tot","109905,6328125"
"19/11/2025 05:30:00","05:30:00","FIn1P_T2_ConsoMasse_ISO_Tot","73678,453125"
"19/11/2025 05:30:00","05:30:00","FIn1P_T2_ConsoMasse_PO_Tot","110203,34375"
"19/11/2025 05:30:00","05:30:00","FIn2P_T1_ConsoMasse_ISO_Tot","76327,296875"
"19/11/2025 05:30:00","05:30:00","FIn2P_T1_ConsoMasse_PO_Tot","111461,6953125"
"19/11/2025 05:30:00","05:30:00","FIn2P_T2_ConsoMasse_ISO_Tot","76004,953125"
"19/11/2025 05:30:00","05:30:00","FIn2P_T2_ConsoMasse_PO_Tot","111440,3046875"
"19/11/2025 05:30:00","05:30:00","JInjP_T1_ConsoMasse_ISO_Tot","65218,484375"
"19/11/2025 05:30:00","05:30:00","JInjP_T1_ConsoMasse_PO_Tot","95718,125"
"19/11/2025 05:30:00","05:30:00","JInjP_T2_ConsoMasse_ISO_Tot","65309,29296875"
"19/11/2025 05:30:00","05:30:00","JInjP_T2_ConsoMasse_PO_Tot","96650,3359375"
"19/11/2025 05:30:00","05:30:00","LDIn1P_T1_ConsoMasse_ISO_Tot","62740,3125"
"19/11/2025 05:30:00","05:30:00","LDIn1P_T1_ConsoMasse_PO_Tot","92111,6796875"
"19/11/2025 05:30:00","05:30:00","LDIn1P_T2_ConsoMasse_ISO_Tot","62559,38671875"
"19/11/2025 05:30:00","05:30:00","LDIn1P_T2_ConsoMasse_PO_Tot","92880,8671875"
"19/11/2025 05:30:00","05:30:00","LDIn2P_T1_ConsoMasse_ISO_Tot","62302,51953125"
"19/11/2025 05:30:00","05:30:00","LDIn2P_T1_ConsoMasse_PO_Tot","91636,0625"
"19/11/2025 05:30:00","05:30:00","LDIn2P_T2_ConsoMasse_ISO_Tot","62431,0625"
"19/11/2025 05:30:00","05:30:00","LDIn2P_T2_ConsoMasse_PO_Tot","91718,7890625"
"19/11/2025 13:30:00","13:30:00","CIn1P_T1_ConsoMasse_ISO_Tot","71640,5703125"
"19/11/2025 13:30:00","13:30:00","CIn1P_T1_ConsoMasse_PO_Tot","106087,53125"
"19/11/2025 13:30:00","13:30:00","CIn1P_T2_ConsoMasse_ISO_Tot","71526,421875"
"19/11/2025 13:30:00","13:30:00","CIn1P_T2_ConsoMasse_PO_Tot","104648,0546875"
"19/11/2025 13:30:00","13:30:00","FIn1P_T1_ConsoMasse_ISO_Tot","69865,2265625"
"19/11/2025 13:30:00","13:30:00","FIn1P_T1_ConsoMasse_PO_Tot","104252,21875"
"19/11/2025 13:30:00","13:30:00","FIn1P_T2_ConsoMasse_ISO_Tot","70007,4609375"
"19/11/2025 13:30:00","13:30:00","FIn1P_T2_ConsoMasse_PO_Tot","104534,6171875"
"19/11/2025 13:30:00","13:30:00","FIn2P_T1_ConsoMasse_ISO_Tot","69716,46875"
"19/11/2025 13:30:00","13:30:00","FIn2P_T1_ConsoMasse_PO_Tot","102271,65625"
"19/11/2025 13:30:00","13:30:00","FIn2P_T2_ConsoMasse_ISO_Tot","69422,046875"
"19/11/2025 13:30:00","13:30:00","FIn2P_T2_ConsoMasse_PO_Tot","102252,03125"
"19/11/2025 13:30:00","13:30:00","JInjP_T1_ConsoMasse_ISO_Tot","63526,30078125"
"19/11/2025 13:30:00","13:30:00","JInjP_T1_ConsoMasse_PO_Tot","94257,90625"
"19/11/2025 13:30:00","13:30:00","JInjP_T2_ConsoMasse_ISO_Tot","63479,69921875"
"19/11/2025 13:30:00","13:30:00","JInjP_T2_ConsoMasse_PO_Tot","94233,484375"
"19/11/2025 13:30:00","13:30:00","LDIn1P_T1_ConsoMasse_ISO_Tot","67484,1953125"
"19/11/2025 13:30:00","13:30:00","LDIn1P_T1_ConsoMasse_PO_Tot","98793,953125"
"19/11/2025 13:30:00","13:30:00","LDIn1P_T2_ConsoMasse_ISO_Tot","67528,2265625"
"19/11/2025 13:30:00","13:30:00","LDIn1P_T2_ConsoMasse_PO_Tot","99651,3984375"
"19/11/2025 13:30:00","13:30:00","LDIn2P_T1_ConsoMasse_ISO_Tot","66847,6875"
"19/11/2025 13:30:00","13:30:00","LDIn2P_T1_ConsoMasse_PO_Tot","99606,2578125"
"19/11/2025 13:30:00","13:30:00","LDIn2P_T2_ConsoMasse_ISO_Tot","66847,0546875"
"19/11/2025 13:30:00","13:30:00","LDIn2P_T2_ConsoMasse_PO_Tot","99215,6796875"
"19/11/2025 21:30:00","21:30:00","CIn1P_T1_ConsoMasse_ISO_Tot","70515,8984375"
"19/11/2025 21:30:00","21:30:00","CIn1P_T1_ConsoMasse_PO_Tot","103448,921875"
"19/11/2025 21:30:00","21:30:00","CIn1P_T2_ConsoMasse_ISO_Tot","70376,078125"
"19/11/2025 21:30:00","21:30:00","CIn1P_T2_ConsoMasse_PO_Tot","103588,7890625"
"19/11/2025 21:30:00","21:30:00","FIn1P_T1_ConsoMasse_ISO_Tot","74689,2265625"
"19/11/2025 21:30:00","21:30:00","FIn1P_T1_ConsoMasse_PO_Tot","111633,21875"
"19/11/2025 21:30:00","21:30:00","FIn1P_T2_ConsoMasse_ISO_Tot","74841,2734375"
"19/11/2025 21:30:00","21:30:00","FIn1P_T2_ConsoMasse_PO_Tot","111935,609375"
"19/11/2025 21:30:00","21:30:00","FIn2P_T1_ConsoMasse_ISO_Tot","75211,8671875"
"19/11/2025 21:30:00","21:30:00","FIn2P_T1_ConsoMasse_PO_Tot","110013,90625"
"19/11/2025 21:30:00","21:30:00","FIn2P_T2_ConsoMasse_ISO_Tot","74894,2421875"
"19/11/2025 21:30:00","21:30:00","FIn2P_T2_ConsoMasse_PO_Tot","109992,7890625"
"19/11/2025 21:30:00","21:30:00","JInjP_T1_ConsoMasse_ISO_Tot","66420,65625"
"19/11/2025 21:30:00","21:30:00","JInjP_T1_ConsoMasse_PO_Tot","96655,3359375"
"19/11/2025 21:30:00","21:30:00","JInjP_T2_ConsoMasse_ISO_Tot","66383"
"19/11/2025 21:30:00","21:30:00","JInjP_T2_ConsoMasse_PO_Tot","97529,8984375"
"19/11/2025 21:30:00","21:30:00","LDIn1P_T1_ConsoMasse_ISO_Tot","66575,28125"
"19/11/2025 21:30:00","21:30:00","LDIn1P_T1_ConsoMasse_PO_Tot","97419,609375"
"19/11/2025 21:30:00","21:30:00","LDIn1P_T2_ConsoMasse_ISO_Tot","66618,71875"
"19/11/2025 21:30:00","21:30:00","LDIn1P_T2_ConsoMasse_PO_Tot","98309,2421875"
"19/11/2025 21:30:00","21:30:00","LDIn2P_T1_ConsoMasse_ISO_Tot","58701,2890625"
"19/11/2025 21:30:00","21:30:00","LDIn2P_T1_ConsoMasse_PO_Tot","87259,6640625"
"19/11/2025 21:30:00","21:30:00","LDIn2P_T2_ConsoMasse_ISO_Tot","58700,73046875"
"19/11/2025 21:30:00","21:30:00","LDIn2P_T2_ConsoMasse_PO_Tot","86917,5"
"20/11/2025 05:30:00","05:30:00","CIn1P_T1_ConsoMasse_ISO_Tot","77816,7890625"
"20/11/2025 05:30:00","05:30:00","CIn1P_T1_ConsoMasse_PO_Tot","114435,1484375"
"20/11/2025 05:30:00","05:30:00","CIn1P_T2_ConsoMasse_ISO_Tot","77558,609375"
"20/11/2025 05:30:00","05:30:00","CIn1P_T2_ConsoMasse_PO_Tot","114645,15625"
"20/11/2025 05:30:00","05:30:00","FIn1P_T1_ConsoMasse_ISO_Tot","74531,8984375"
"20/11/2025 05:30:00","05:30:00","FIn1P_T1_ConsoMasse_PO_Tot","111398,9921875"
"20/11/2025 05:30:00","05:30:00","FIn1P_T2_ConsoMasse_ISO_Tot","74683,625"
"20/11/2025 05:30:00","05:30:00","FIn1P_T2_ConsoMasse_PO_Tot","111700,75"
"20/11/2025 05:30:00","05:30:00","FIn2P_T1_ConsoMasse_ISO_Tot","75318,0859375"
"20/11/2025 05:30:00","05:30:00","FIn2P_T1_ConsoMasse_PO_Tot","110213,15625"
"20/11/2025 05:30:00","05:30:00","FIn2P_T2_ConsoMasse_ISO_Tot","75000"
"20/11/2025 05:30:00","05:30:00","FIn2P_T2_ConsoMasse_PO_Tot","110192,0078125"
"20/11/2025 05:30:00","05:30:00","JInjP_T1_ConsoMasse_ISO_Tot","63283,37890625"
"20/11/2025 05:30:00","05:30:00","JInjP_T1_ConsoMasse_PO_Tot","92725,625"
"20/11/2025 05:30:00","05:30:00","JInjP_T2_ConsoMasse_ISO_Tot","62590,80859375"
"20/11/2025 05:30:00","05:30:00","JInjP_T2_ConsoMasse_PO_Tot","92366,234375"
"20/11/2025 05:30:00","05:30:00","LDIn1P_T1_ConsoMasse_ISO_Tot","65939,046875"
"20/11/2025 05:30:00","05:30:00","LDIn1P_T1_ConsoMasse_PO_Tot","96798,9375"
"20/11/2025 05:30:00","05:30:00","LDIn1P_T2_ConsoMasse_ISO_Tot","65982,0625"
"20/11/2025 05:30:00","05:30:00","LDIn1P_T2_ConsoMasse_PO_Tot","97682,90625"
"20/11/2025 05:30:00","05:30:00","LDIn2P_T1_ConsoMasse_ISO_Tot","63007,890625"
"20/11/2025 05:30:00","05:30:00","LDIn2P_T1_ConsoMasse_PO_Tot","94672,0859375"
"20/11/2025 05:30:00","05:30:00","LDIn2P_T2_ConsoMasse_ISO_Tot","63007,2890625"
"20/11/2025 05:30:00","05:30:00","LDIn2P_T2_ConsoMasse_PO_Tot","94300,8515625"
"20/11/2025 13:30:00","13:30:00","CIn1P_T1_ConsoMasse_ISO_Tot","68620,65625"
"20/11/2025 13:30:00","13:30:00","CIn1P_T1_ConsoMasse_PO_Tot","101095,1328125"
"20/11/2025 13:30:00","13:30:00","CIn1P_T2_ConsoMasse_ISO_Tot","68386,1015625"
"20/11/2025 13:30:00","13:30:00","CIn1P_T2_ConsoMasse_PO_Tot","101180,96875"
"20/11/2025 13:30:00","13:30:00","FIn1P_T1_ConsoMasse_ISO_Tot","77342,6484375"
"20/11/2025 13:30:00","13:30:00","FIn1P_T1_ConsoMasse_PO_Tot","115396,3359375"
"20/11/2025 13:30:00","13:30:00","FIn1P_T2_ConsoMasse_ISO_Tot","77914,3359375"
"20/11/2025 13:30:00","13:30:00","FIn1P_T2_ConsoMasse_PO_Tot","114933,1796875"
"20/11/2025 13:30:00","13:30:00","FIn2P_T1_ConsoMasse_ISO_Tot","76971,8046875"
"20/11/2025 13:30:00","13:30:00","FIn2P_T1_ConsoMasse_PO_Tot","113382,8203125"
"20/11/2025 13:30:00","13:30:00","FIn2P_T2_ConsoMasse_ISO_Tot","75928,3671875"
"20/11/2025 13:30:00","13:30:00","FIn2P_T2_ConsoMasse_PO_Tot","112547,3671875"
"20/11/2025 13:30:00","13:30:00","JInjP_T1_ConsoMasse_ISO_Tot","49931,02734375"
"20/11/2025 13:30:00","13:30:00","JInjP_T1_ConsoMasse_PO_Tot","72846,21875"
"20/11/2025 13:30:00","13:30:00","JInjP_T2_ConsoMasse_ISO_Tot","50065,0625"
"20/11/2025 13:30:00","13:30:00","JInjP_T2_ConsoMasse_PO_Tot","73417,4453125"
"20/11/2025 13:30:00","13:30:00","LDIn1P_T1_ConsoMasse_ISO_Tot","34104,3984375"
"20/11/2025 13:30:00","13:30:00","LDIn1P_T1_ConsoMasse_PO_Tot","49904,96875"
"20/11/2025 13:30:00","13:30:00","LDIn1P_T2_ConsoMasse_ISO_Tot","34126,65234375"
"20/11/2025 13:30:00","13:30:00","LDIn1P_T2_ConsoMasse_PO_Tot","50360,69921875"
"20/11/2025 13:30:00","13:30:00","LDIn2P_T1_ConsoMasse_ISO_Tot","33732,140625"
"20/11/2025 13:30:00","13:30:00","LDIn2P_T1_ConsoMasse_PO_Tot","51204,12109375"
"20/11/2025 13:30:00","13:30:00","LDIn2P_T2_ConsoMasse_ISO_Tot","33739,69921875"
"20/11/2025 13:30:00","13:30:00","LDIn2P_T2_ConsoMasse_PO_Tot","51085,22265625"
"20/11/2025 21:30:00","21:30:00","CIn1P_T1_ConsoMasse_ISO_Tot","66298,6953125"
"20/11/2025 21:30:00","21:30:00","CIn1P_T1_ConsoMasse_PO_Tot","97462,96875"
"20/11/2025 21:30:00","21:30:00","CIn1P_T2_ConsoMasse_ISO_Tot","66295,265625"
"20/11/2025 21:30:00","21:30:00","CIn1P_T2_ConsoMasse_PO_Tot","96932,984375"
"20/11/2025 21:30:00","21:30:00","FIn1P_T1_ConsoMasse_ISO_Tot","24681,76953125"
"20/11/2025 21:30:00","21:30:00","FIn1P_T1_ConsoMasse_PO_Tot","37073,546875"
"20/11/2025 21:30:00","21:30:00","FIn1P_T2_ConsoMasse_ISO_Tot","24864,205078125"
"20/11/2025 21:30:00","21:30:00","FIn1P_T2_ConsoMasse_PO_Tot","36924,75"
"20/11/2025 21:30:00","21:30:00","FIn2P_T1_ConsoMasse_ISO_Tot","70599,5625"
"20/11/2025 21:30:00","21:30:00","FIn2P_T1_ConsoMasse_PO_Tot","104813,453125"
"20/11/2025 21:30:00","21:30:00","FIn2P_T2_ConsoMasse_ISO_Tot","69538,0234375"
"20/11/2025 21:30:00","21:30:00","FIn2P_T2_ConsoMasse_PO_Tot","103886,9296875"
"20/11/2025 21:30:00","21:30:00","JInjP_T1_ConsoMasse_ISO_Tot","50951,59375"
"20/11/2025 21:30:00","21:30:00","JInjP_T1_ConsoMasse_PO_Tot","75736,5703125"
"20/11/2025 21:30:00","21:30:00","JInjP_T2_ConsoMasse_ISO_Tot","50991,78515625"
"20/11/2025 21:30:00","21:30:00","JInjP_T2_ConsoMasse_PO_Tot","76409,046875"
"20/11/2025 21:30:00","21:30:00","LDIn1P_T1_ConsoMasse_ISO_Tot","64446,9140625"
"20/11/2025 21:30:00","21:30:00","LDIn1P_T1_ConsoMasse_PO_Tot","94526,8359375"
"20/11/2025 21:30:00","21:30:00","LDIn1P_T2_ConsoMasse_ISO_Tot","64488,9609375"
"20/11/2025 21:30:00","21:30:00","LDIn1P_T2_ConsoMasse_PO_Tot","95390,0546875"
"20/11/2025 21:30:00","21:30:00","LDIn2P_T1_ConsoMasse_ISO_Tot","62518,9375"
"20/11/2025 21:30:00","21:30:00","LDIn2P_T1_ConsoMasse_PO_Tot","94242,75"
"20/11/2025 21:30:00","21:30:00","LDIn2P_T2_ConsoMasse_ISO_Tot","62607,42578125"
"20/11/2025 21:30:00","21:30:00","LDIn2P_T2_ConsoMasse_PO_Tot","94132,4921875"
"21/11/2025 05:30:00","05:30:00","CIn1P_T1_ConsoMasse_ISO_Tot","72074,4140625"
"21/11/2025 05:30:00","05:30:00","CIn1P_T1_ConsoMasse_PO_Tot","105756,078125"
"21/11/2025 05:30:00","05:30:00","CIn1P_T2_ConsoMasse_ISO_Tot","72070,6796875"
"21/11/2025 05:30:00","05:30:00","CIn1P_T2_ConsoMasse_PO_Tot","105181"
"21/11/2025 05:30:00","05:30:00","FIn1P_T1_ConsoMasse_ISO_Tot","49522,578125"
"21/11/2025 05:30:00","05:30:00","FIn1P_T1_ConsoMasse_PO_Tot","75727,90625"
"21/11/2025 05:30:00","05:30:00","FIn1P_T2_ConsoMasse_ISO_Tot","49888,625"
"21/11/2025 05:30:00","05:30:00","FIn1P_T2_ConsoMasse_PO_Tot","75423,96875"
"21/11/2025 05:30:00","05:30:00","FIn2P_T1_ConsoMasse_ISO_Tot","41551,02734375"
"21/11/2025 05:30:00","05:30:00","FIn2P_T1_ConsoMasse_PO_Tot","61830,6640625"
"21/11/2025 05:30:00","05:30:00","FIn2P_T2_ConsoMasse_ISO_Tot","40987,7578125"
"21/11/2025 05:30:00","05:30:00","FIn2P_T2_ConsoMasse_PO_Tot","61375,0703125"
"21/11/2025 05:30:00","05:30:00","JInjP_T1_ConsoMasse_ISO_Tot","13124,37890625"
"21/11/2025 05:30:00","05:30:00","JInjP_T1_ConsoMasse_PO_Tot","19710,033203125"
"21/11/2025 05:30:00","05:30:00","JInjP_T2_ConsoMasse_ISO_Tot","13134,7314453125"
"21/11/2025 05:30:00","05:30:00","JInjP_T2_ConsoMasse_PO_Tot","19885,041015625"
"21/11/2025 05:30:00","05:30:00","LDIn1P_T1_ConsoMasse_ISO_Tot","66532,359375"
"21/11/2025 05:30:00","05:30:00","LDIn1P_T1_ConsoMasse_PO_Tot","97356,8046875"
"21/11/2025 05:30:00","05:30:00","LDIn1P_T2_ConsoMasse_ISO_Tot","66575,7734375"
"21/11/2025 05:30:00","05:30:00","LDIn1P_T2_ConsoMasse_PO_Tot","98245,8671875"
"21/11/2025 05:30:00","05:30:00","LDIn2P_T1_ConsoMasse_ISO_Tot","63634,90234375"
"21/11/2025 05:30:00","05:30:00","LDIn2P_T1_ConsoMasse_PO_Tot","93670,578125"
"21/11/2025 05:30:00","05:30:00","LDIn2P_T2_ConsoMasse_ISO_Tot","63717,43359375"
"21/11/2025 05:30:00","05:30:00","LDIn2P_T2_ConsoMasse_PO_Tot","93549,9296875"
"21/11/2025 13:30:00","13:30:00","CIn1P_T1_ConsoMasse_ISO_Tot","72351,7734375"
"21/11/2025 13:30:00","13:30:00","CIn1P_T1_ConsoMasse_PO_Tot","106118,34375"
"21/11/2025 13:30:00","13:30:00","CIn1P_T2_ConsoMasse_ISO_Tot","72348,0234375"
"21/11/2025 13:30:00","13:30:00","CIn1P_T2_ConsoMasse_PO_Tot","105541,2890625"
"21/11/2025 13:30:00","13:30:00","FIn1P_T1_ConsoMasse_ISO_Tot","54885,390625"
"21/11/2025 13:30:00","13:30:00","FIn1P_T1_ConsoMasse_PO_Tot","83377,5078125"
"21/11/2025 13:30:00","13:30:00","FIn1P_T2_ConsoMasse_ISO_Tot","54947,7890625"
"21/11/2025 13:30:00","13:30:00","FIn1P_T2_ConsoMasse_PO_Tot","83625,3359375"
"21/11/2025 13:30:00","13:30:00","FIn2P_T1_ConsoMasse_ISO_Tot","56521,51953125"
"21/11/2025 13:30:00","13:30:00","FIn2P_T1_ConsoMasse_PO_Tot","83787,890625"
"21/11/2025 13:30:00","13:30:00","FIn2P_T2_ConsoMasse_ISO_Tot","55755,3125"
"21/11/2025 13:30:00","13:30:00","FIn2P_T2_ConsoMasse_PO_Tot","83170,5"
"21/11/2025 13:30:00","13:30:00","JInjP_T1_ConsoMasse_ISO_Tot","63568,99609375"
"21/11/2025 13:30:00","13:30:00","JInjP_T1_ConsoMasse_PO_Tot","92989,5625"
"21/11/2025 13:30:00","13:30:00","JInjP_T2_ConsoMasse_ISO_Tot","63306,9296875"
"21/11/2025 13:30:00","13:30:00","JInjP_T2_ConsoMasse_PO_Tot","93229,078125"
"21/11/2025 13:30:00","13:30:00","LDIn1P_T1_ConsoMasse_ISO_Tot","65055,11328125"
"21/11/2025 13:30:00","13:30:00","LDIn1P_T1_ConsoMasse_PO_Tot","95903,5234375"
"21/11/2025 13:30:00","13:30:00","LDIn1P_T2_ConsoMasse_ISO_Tot","65428,9375"
"21/11/2025 13:30:00","13:30:00","LDIn1P_T2_ConsoMasse_PO_Tot","96566,671875"
"21/11/2025 13:30:00","13:30:00","LDIn2P_T1_ConsoMasse_ISO_Tot","63355,484375"
"21/11/2025 13:30:00","13:30:00","LDIn2P_T1_ConsoMasse_PO_Tot","93332,0859375"
"21/11/2025 13:30:00","13:30:00","LDIn2P_T2_ConsoMasse_ISO_Tot","63382,2265625"
"21/11/2025 13:30:00","13:30:00","LDIn2P_T2_ConsoMasse_PO_Tot","93441,7265625"
"21/11/2025 21:30:00","21:30:00","CIn1P_T1_ConsoMasse_ISO_Tot","60546,59765625"
"21/11/2025 21:30:00","21:30:00","CIn1P_T1_ConsoMasse_PO_Tot","88497,8984375"
"21/11/2025 21:30:00","21:30:00","CIn1P_T2_ConsoMasse_ISO_Tot","60681,1484375"
"21/11/2025 21:30:00","21:30:00","CIn1P_T2_ConsoMasse_PO_Tot","88743,1171875"
"21/11/2025 21:30:00","21:30:00","FIn1P_T1_ConsoMasse_ISO_Tot","77373,203125"
"21/11/2025 21:30:00","21:30:00","FIn1P_T1_ConsoMasse_PO_Tot","114383,8359375"
"21/11/2025 21:30:00","21:30:00","FIn1P_T2_ConsoMasse_ISO_Tot","77461,1640625"
"21/11/2025 21:30:00","21:30:00","FIn1P_T2_ConsoMasse_PO_Tot","114723,8203125"
"21/11/2025 21:30:00","21:30:00","FIn2P_T1_ConsoMasse_ISO_Tot","74552,5078125"
"21/11/2025 21:30:00","21:30:00","FIn2P_T1_ConsoMasse_PO_Tot","110677,828125"
"21/11/2025 21:30:00","21:30:00","FIn2P_T2_ConsoMasse_ISO_Tot","73541,875"
"21/11/2025 21:30:00","21:30:00","FIn2P_T2_ConsoMasse_PO_Tot","109708,0859375"
"21/11/2025 21:30:00","21:30:00","JInjP_T1_ConsoMasse_ISO_Tot","65589,59375"
"21/11/2025 21:30:00","21:30:00","JInjP_T1_ConsoMasse_PO_Tot","96121,5546875"
"21/11/2025 21:30:00","21:30:00","JInjP_T2_ConsoMasse_ISO_Tot","65713,7109375"
"21/11/2025 21:30:00","21:30:00","JInjP_T2_ConsoMasse_PO_Tot","96290,3046875"
"21/11/2025 21:30:00","21:30:00","LDIn1P_T1_ConsoMasse_ISO_Tot","67167,9765625"
"21/11/2025 21:30:00","21:30:00","LDIn1P_T1_ConsoMasse_PO_Tot","98286,90625"
"21/11/2025 21:30:00","21:30:00","LDIn1P_T2_ConsoMasse_ISO_Tot","67553,9453125"
"21/11/2025 21:30:00","21:30:00","LDIn1P_T2_ConsoMasse_PO_Tot","98966,5390625"
"21/11/2025 21:30:00","21:30:00","LDIn2P_T1_ConsoMasse_ISO_Tot","67663,5625"
"21/11/2025 21:30:00","21:30:00","LDIn2P_T1_ConsoMasse_PO_Tot","98924,1328125"
"21/11/2025 21:30:00","21:30:00","LDIn2P_T2_ConsoMasse_ISO_Tot","67692,125"
"21/11/2025 21:30:00","21:30:00","LDIn2P_T2_ConsoMasse_PO_Tot","99040,34375"
"22/11/2025 05:30:00","05:30:00","CIn1P_T1_ConsoMasse_ISO_Tot","68806,7265625"
"22/11/2025 05:30:00","05:30:00","CIn1P_T1_ConsoMasse_PO_Tot","101561,1640625"
"22/11/2025 05:30:00","05:30:00","CIn1P_T2_ConsoMasse_ISO_Tot","69006,6171875"
"22/11/2025 05:30:00","05:30:00","CIn1P_T2_ConsoMasse_PO_Tot","101704,1953125"
"22/11/2025 05:30:00","05:30:00","FIn1P_T1_ConsoMasse_ISO_Tot","74307,640625"
"22/11/2025 05:30:00","05:30:00","FIn1P_T1_ConsoMasse_PO_Tot","109869,4765625"
"22/11/2025 05:30:00","05:30:00","FIn1P_T2_ConsoMasse_ISO_Tot","74392,1171875"
"22/11/2025 05:30:00","05:30:00","FIn1P_T2_ConsoMasse_PO_Tot","110196,046875"
"22/11/2025 05:30:00","05:30:00","FIn2P_T1_ConsoMasse_ISO_Tot","69665,453125"
"22/11/2025 05:30:00","05:30:00","FIn2P_T1_ConsoMasse_PO_Tot","103177,0625"
"22/11/2025 05:30:00","05:30:00","FIn2P_T2_ConsoMasse_ISO_Tot","68721,0625"
"22/11/2025 05:30:00","05:30:00","FIn2P_T2_ConsoMasse_PO_Tot","102416,8125"
"22/11/2025 05:30:00","05:30:00","JInjP_T1_ConsoMasse_ISO_Tot","67090,5"
"22/11/2025 05:30:00","05:30:00","JInjP_T1_ConsoMasse_PO_Tot","98358,0625"
"22/11/2025 05:30:00","05:30:00","JInjP_T2_ConsoMasse_ISO_Tot","67217,4609375"
"22/11/2025 05:30:00","05:30:00","JInjP_T2_ConsoMasse_PO_Tot","98530,734375"
"22/11/2025 05:30:00","05:30:00","LDIn1P_T1_ConsoMasse_ISO_Tot","64185,2578125"
"22/11/2025 05:30:00","05:30:00","LDIn1P_T1_ConsoMasse_PO_Tot","93922,2890625"
"22/11/2025 05:30:00","05:30:00","LDIn1P_T2_ConsoMasse_ISO_Tot","64554,0859375"
"22/11/2025 05:30:00","05:30:00","LDIn1P_T2_ConsoMasse_PO_Tot","94571,7421875"
"22/11/2025 05:30:00","05:30:00","LDIn2P_T1_ConsoMasse_ISO_Tot","62165,2265625"
"22/11/2025 05:30:00","05:30:00","LDIn2P_T1_ConsoMasse_PO_Tot","91106,296875"
"22/11/2025 05:30:00","05:30:00","LDIn2P_T2_ConsoMasse_ISO_Tot","62191,46484375"
"22/11/2025 05:30:00","05:30:00","LDIn2P_T2_ConsoMasse_PO_Tot","91213,328125"
"22/11/2025 13:30:00","13:30:00","CIn1P_T1_ConsoMasse_ISO_Tot","11306,537109375"
"22/11/2025 13:30:00","13:30:00","CIn1P_T1_ConsoMasse_PO_Tot","16666,966796875"
"22/11/2025 13:30:00","13:30:00","CIn1P_T2_ConsoMasse_ISO_Tot","11339,3837890625"
"22/11/2025 13:30:00","13:30:00","CIn1P_T2_ConsoMasse_PO_Tot","16690,4375"
"22/11/2025 13:30:00","13:30:00","FIn1P_T1_ConsoMasse_ISO_Tot","76928,40625"
"22/11/2025 13:30:00","13:30:00","FIn1P_T1_ConsoMasse_PO_Tot","113089,8984375"
"22/11/2025 13:30:00","13:30:00","FIn1P_T2_ConsoMasse_ISO_Tot","77021,1484375"
"22/11/2025 13:30:00","13:30:00","FIn1P_T2_ConsoMasse_PO_Tot","113511,8984375"
"22/11/2025 13:30:00","13:30:00","FIn2P_T1_ConsoMasse_ISO_Tot","73094,2890625"
"22/11/2025 13:30:00","13:30:00","FIn2P_T1_ConsoMasse_PO_Tot","107429,3359375"
"22/11/2025 13:30:00","13:30:00","FIn2P_T2_ConsoMasse_ISO_Tot","72103,421875"
"22/11/2025 13:30:00","13:30:00","FIn2P_T2_ConsoMasse_PO_Tot","106637,75"
"22/11/2025 13:30:00","13:30:00","JInjP_T1_ConsoMasse_ISO_Tot","64910,10546875"
"22/11/2025 13:30:00","13:30:00","JInjP_T1_ConsoMasse_PO_Tot","95199,609375"
"22/11/2025 13:30:00","13:30:00","JInjP_T2_ConsoMasse_ISO_Tot","65032,94140625"
"22/11/2025 13:30:00","13:30:00","JInjP_T2_ConsoMasse_PO_Tot","95366,7421875"
"22/11/2025 13:30:00","13:30:00","LDIn1P_T1_ConsoMasse_ISO_Tot","63592,74609375"
"22/11/2025 13:30:00","13:30:00","LDIn1P_T1_ConsoMasse_PO_Tot","95401,7578125"
"22/11/2025 13:30:00","13:30:00","LDIn1P_T2_ConsoMasse_ISO_Tot","63958,16796875"
"22/11/2025 13:30:00","13:30:00","LDIn1P_T2_ConsoMasse_PO_Tot","96061,4375"
"22/11/2025 13:30:00","13:30:00","LDIn2P_T1_ConsoMasse_ISO_Tot","64406,34375"
"22/11/2025 13:30:00","13:30:00","LDIn2P_T1_ConsoMasse_PO_Tot","95449,046875"
"22/11/2025 13:30:00","13:30:00","LDIn2P_T2_ConsoMasse_ISO_Tot","64186,67578125"
"22/11/2025 13:30:00","13:30:00","LDIn2P_T2_ConsoMasse_PO_Tot","95533,75"
"22/11/2025 21:30:00","21:30:00","CIn1P_T1_ConsoMasse_ISO_Tot","0"
"22/11/2025 21:30:00","21:30:00","CIn1P_T1_ConsoMasse_PO_Tot","0"
"22/11/2025 21:30:00","21:30:00","CIn1P_T2_ConsoMasse_ISO_Tot","0"
"22/11/2025 21:30:00","21:30:00","CIn1P_T2_ConsoMasse_PO_Tot","0"
"22/11/2025 21:30:00","21:30:00","FIn1P_T1_ConsoMasse_ISO_Tot","79136,875"
"22/11/2025 21:30:00","21:30:00","FIn1P_T1_ConsoMasse_PO_Tot","116951,1796875"
"22/11/2025 21:30:00","21:30:00","FIn1P_T2_ConsoMasse_ISO_Tot","79232,2890625"
"22/11/2025 21:30:00","21:30:00","FIn1P_T2_ConsoMasse_PO_Tot","117387,5859375"
"22/11/2025 21:30:00","21:30:00","FIn2P_T1_ConsoMasse_ISO_Tot","74919,4765625"
"22/11/2025 21:30:00","21:30:00","FIn2P_T1_ConsoMasse_PO_Tot","110105,953125"
"22/11/2025 21:30:00","21:30:00","FIn2P_T2_ConsoMasse_ISO_Tot","74379,484375"
"22/11/2025 21:30:00","21:30:00","FIn2P_T2_ConsoMasse_PO_Tot","110148,78125"
"22/11/2025 21:30:00","21:30:00","JInjP_T1_ConsoMasse_ISO_Tot","67435,6875"
"22/11/2025 21:30:00","21:30:00","JInjP_T1_ConsoMasse_PO_Tot","98863,9296875"
"22/11/2025 21:30:00","21:30:00","JInjP_T2_ConsoMasse_ISO_Tot","67563,3046875"
"22/11/2025 21:30:00","21:30:00","JInjP_T2_ConsoMasse_PO_Tot","99037,4921875"
"22/11/2025 21:30:00","21:30:00","LDIn1P_T1_ConsoMasse_ISO_Tot","53666,30859375"
"22/11/2025 21:30:00","21:30:00","LDIn1P_T1_ConsoMasse_PO_Tot","78751,2734375"
"22/11/2025 21:30:00","21:30:00","LDIn1P_T2_ConsoMasse_ISO_Tot","53982,296875"
"22/11/2025 21:30:00","21:30:00","LDIn1P_T2_ConsoMasse_PO_Tot","79306,96875"
"22/11/2025 21:30:00","21:30:00","LDIn2P_T1_ConsoMasse_ISO_Tot","53143,9375"
"22/11/2025 21:30:00","21:30:00","LDIn2P_T1_ConsoMasse_PO_Tot","77704,515625"
"22/11/2025 21:30:00","21:30:00","LDIn2P_T2_ConsoMasse_ISO_Tot","52960,8515625"
"22/11/2025 21:30:00","21:30:00","LDIn2P_T2_ConsoMasse_PO_Tot","77771,3203125"
"23/11/2025 05:30:00","05:30:00","CIn1P_T1_ConsoMasse_ISO_Tot","0"
"23/11/2025 05:30:00","05:30:00","CIn1P_T1_ConsoMasse_PO_Tot","0"
"23/11/2025 05:30:00","05:30:00","CIn1P_T2_ConsoMasse_ISO_Tot","0"
"23/11/2025 05:30:00","05:30:00","CIn1P_T2_ConsoMasse_PO_Tot","0"
"23/11/2025 05:30:00","05:30:00","FIn1P_T1_ConsoMasse_ISO_Tot","58007,1015625"
"23/11/2025 05:30:00","05:30:00","FIn1P_T1_ConsoMasse_PO_Tot","85517,7265625"
"23/11/2025 05:30:00","05:30:00","FIn1P_T2_ConsoMasse_ISO_Tot","58077,03515625"
"23/11/2025 05:30:00","05:30:00","FIn1P_T2_ConsoMasse_PO_Tot","85836,84375"
"23/11/2025 05:30:00","05:30:00","FIn2P_T1_ConsoMasse_ISO_Tot","72884,1953125"
"23/11/2025 05:30:00","05:30:00","FIn2P_T1_ConsoMasse_PO_Tot","107216,171875"
"23/11/2025 05:30:00","05:30:00","FIn2P_T2_ConsoMasse_ISO_Tot","72358,8671875"
"23/11/2025 05:30:00","05:30:00","FIn2P_T2_ConsoMasse_PO_Tot","107257,875"
"23/11/2025 05:30:00","05:30:00","JInjP_T1_ConsoMasse_ISO_Tot","48375,1171875"
"23/11/2025 05:30:00","05:30:00","JInjP_T1_ConsoMasse_PO_Tot","71853,75"
"23/11/2025 05:30:00","05:30:00","JInjP_T2_ConsoMasse_ISO_Tot","48466,66015625"
"23/11/2025 05:30:00","05:30:00","JInjP_T2_ConsoMasse_PO_Tot","71979,890625"
"23/11/2025 05:30:00","05:30:00","LDIn1P_T1_ConsoMasse_ISO_Tot","64805,50390625"
"23/11/2025 05:30:00","05:30:00","LDIn1P_T1_ConsoMasse_PO_Tot","94829,890625"
"23/11/2025 05:30:00","05:30:00","LDIn1P_T2_ConsoMasse_ISO_Tot","65218,46484375"
"23/11/2025 05:30:00","05:30:00","LDIn1P_T2_ConsoMasse_PO_Tot","95545,0625"
"23/11/2025 05:30:00","05:30:00","LDIn2P_T1_ConsoMasse_ISO_Tot","59654,1875"
"23/11/2025 05:30:00","05:30:00","LDIn2P_T1_ConsoMasse_PO_Tot","86975,8046875"
"23/11/2025 05:30:00","05:30:00","LDIn2P_T2_ConsoMasse_ISO_Tot","59405,3984375"
"23/11/2025 05:30:00","05:30:00","LDIn2P_T2_ConsoMasse_PO_Tot","86987,328125"
"23/11/2025 13:30:00","13:30:00","CIn1P_T1_ConsoMasse_ISO_Tot","0"
"23/11/2025 13:30:00","13:30:00","CIn1P_T1_ConsoMasse_PO_Tot","0"
"23/11/2025 13:30:00","13:30:00","CIn1P_T2_ConsoMasse_ISO_Tot","0"
"23/11/2025 13:30:00","13:30:00","CIn1P_T2_ConsoMasse_PO_Tot","0"
"23/11/2025 13:30:00","13:30:00","FIn1P_T1_ConsoMasse_ISO_Tot","72362,3828125"
"23/11/2025 13:30:00","13:30:00","FIn1P_T1_ConsoMasse_PO_Tot","106415,6015625"
"23/11/2025 13:30:00","13:30:00","FIn1P_T2_ConsoMasse_ISO_Tot","72449,6171875"
"23/11/2025 13:30:00","13:30:00","FIn1P_T2_ConsoMasse_PO_Tot","106812,6953125"
"23/11/2025 13:30:00","13:30:00","FIn2P_T1_ConsoMasse_ISO_Tot","68893,40625"
"23/11/2025 13:30:00","13:30:00","FIn2P_T1_ConsoMasse_PO_Tot","101285,59375"
"23/11/2025 13:30:00","13:30:00","FIn2P_T2_ConsoMasse_ISO_Tot","68396,84375"
"23/11/2025 13:30:00","13:30:00","FIn2P_T2_ConsoMasse_PO_Tot","101324,9921875"
"23/11/2025 13:30:00","13:30:00","JInjP_T1_ConsoMasse_ISO_Tot","67386,890625"
"23/11/2025 13:30:00","13:30:00","JInjP_T1_ConsoMasse_PO_Tot","98741,4921875"
"23/11/2025 13:30:00","13:30:00","JInjP_T2_ConsoMasse_ISO_Tot","67046,6953125"
"23/11/2025 13:30:00","13:30:00","JInjP_T2_ConsoMasse_PO_Tot","99257,6875"
"23/11/2025 13:30:00","13:30:00","LDIn1P_T1_ConsoMasse_ISO_Tot","62556,484375"
"23/11/2025 13:30:00","13:30:00","LDIn1P_T1_ConsoMasse_PO_Tot","90919,078125"
"23/11/2025 13:30:00","13:30:00","LDIn1P_T2_ConsoMasse_ISO_Tot","62915,953125"
"23/11/2025 13:30:00","13:30:00","LDIn1P_T2_ConsoMasse_PO_Tot","91547,7578125"
"23/11/2025 13:30:00","13:30:00","LDIn2P_T1_ConsoMasse_ISO_Tot","63372,171875"
"23/11/2025 13:30:00","13:30:00","LDIn2P_T1_ConsoMasse_PO_Tot","92837,9375"
"23/11/2025 13:30:00","13:30:00","LDIn2P_T2_ConsoMasse_ISO_Tot","63123,890625"
"23/11/2025 13:30:00","13:30:00","LDIn2P_T2_ConsoMasse_PO_Tot","92873,796875"
"23/11/2025 21:30:00","21:30:00","CIn1P_T1_ConsoMasse_ISO_Tot","0"
"23/11/2025 21:30:00","21:30:00","CIn1P_T1_ConsoMasse_PO_Tot","0"
"23/11/2025 21:30:00","21:30:00","CIn1P_T2_ConsoMasse_ISO_Tot","0"
"23/11/2025 21:30:00","21:30:00","CIn1P_T2_ConsoMasse_PO_Tot","0"
"23/11/2025 21:30:00","21:30:00","FIn1P_T1_ConsoMasse_ISO_Tot","77167,8203125"
"23/11/2025 21:30:00","21:30:00","FIn1P_T1_ConsoMasse_PO_Tot","113396,578125"
"23/11/2025 21:30:00","21:30:00","FIn1P_T2_ConsoMasse_ISO_Tot","77260,8515625"
"23/11/2025 21:30:00","21:30:00","FIn1P_T2_ConsoMasse_PO_Tot","113819,71875"
"23/11/2025 21:30:00","21:30:00","FIn2P_T1_ConsoMasse_ISO_Tot","74328,671875"
"23/11/2025 21:30:00","21:30:00","FIn2P_T1_ConsoMasse_PO_Tot","109950,7578125"
"23/11/2025 21:30:00","21:30:00","FIn2P_T2_ConsoMasse_ISO_Tot","74370,2421875"
"23/11/2025 21:30:00","21:30:00","FIn2P_T2_ConsoMasse_PO_Tot","110340,6796875"
"23/11/2025 21:30:00","21:30:00","JInjP_T1_ConsoMasse_ISO_Tot","66011,7265625"
"23/11/2025 21:30:00","21:30:00","JInjP_T1_ConsoMasse_PO_Tot","96114,3125"
"23/11/2025 21:30:00","21:30:00","JInjP_T2_ConsoMasse_ISO_Tot","65772,109375"
"23/11/2025 21:30:00","21:30:00","JInjP_T2_ConsoMasse_PO_Tot","96231,875"
"23/11/2025 21:30:00","21:30:00","LDIn1P_T1_ConsoMasse_ISO_Tot","67031,828125"
"23/11/2025 21:30:00","21:30:00","LDIn1P_T1_ConsoMasse_PO_Tot","98087,671875"
"23/11/2025 21:30:00","21:30:00","LDIn1P_T2_ConsoMasse_ISO_Tot","67417,015625"
"23/11/2025 21:30:00","21:30:00","LDIn1P_T2_ConsoMasse_PO_Tot","98765,9296875"
"23/11/2025 21:30:00","21:30:00","LDIn2P_T1_ConsoMasse_ISO_Tot","65405,203125"
"23/11/2025 21:30:00","21:30:00","LDIn2P_T1_ConsoMasse_PO_Tot","96199,28125"
"23/11/2025 21:30:00","21:30:00","LDIn2P_T2_ConsoMasse_ISO_Tot","65148,9609375"
"23/11/2025 21:30:00","21:30:00","LDIn2P_T2_ConsoMasse_PO_Tot","96236,4453125"
"24/11/2025 05:30:00","05:30:00","CIn1P_T1_ConsoMasse_ISO_Tot","0"
"24/11/2025 05:30:00","05:30:00","CIn1P_T1_ConsoMasse_PO_Tot","0"
"24/11/2025 05:30:00","05:30:00","CIn1P_T2_ConsoMasse_ISO_Tot","0"
"24/11/2025 05:30:00","05:30:00","CIn1P_T2_ConsoMasse_PO_Tot","0"
"24/11/2025 05:30:00","05:30:00","FIn1P_T1_ConsoMasse_ISO_Tot","72184,53125"
"24/11/2025 05:30:00","05:30:00","FIn1P_T1_ConsoMasse_PO_Tot","106310,3515625"
"24/11/2025 05:30:00","05:30:00","FIn1P_T2_ConsoMasse_ISO_Tot","72271,5625"
"24/11/2025 05:30:00","05:30:00","FIn1P_T2_ConsoMasse_PO_Tot","106707,0546875"
"24/11/2025 05:30:00","05:30:00","FIn2P_T1_ConsoMasse_ISO_Tot","72967,4453125"
"24/11/2025 05:30:00","05:30:00","FIn2P_T1_ConsoMasse_PO_Tot","108452,6640625"
"24/11/2025 05:30:00","05:30:00","FIn2P_T2_ConsoMasse_ISO_Tot","73008,2578125"
"24/11/2025 05:30:00","05:30:00","FIn2P_T2_ConsoMasse_PO_Tot","108837,2734375"
"24/11/2025 05:30:00","05:30:00","JInjP_T1_ConsoMasse_ISO_Tot","67022,9453125"
"24/11/2025 05:30:00","05:30:00","JInjP_T1_ConsoMasse_PO_Tot","98339,9453125"
"24/11/2025 05:30:00","05:30:00","JInjP_T2_ConsoMasse_ISO_Tot","66879,421875"
"24/11/2025 05:30:00","05:30:00","JInjP_T2_ConsoMasse_PO_Tot","98383,984375"
"24/11/2025 05:30:00","05:30:00","LDIn1P_T1_ConsoMasse_ISO_Tot","63711,25"
"24/11/2025 05:30:00","05:30:00","LDIn1P_T1_ConsoMasse_PO_Tot","93228,671875"
"24/11/2025 05:30:00","05:30:00","LDIn1P_T2_ConsoMasse_ISO_Tot","64077,3515625"
"24/11/2025 05:30:00","05:30:00","LDIn1P_T2_ConsoMasse_PO_Tot","93873,328125"
"24/11/2025 05:30:00","05:30:00","LDIn2P_T1_ConsoMasse_ISO_Tot","67624,8984375"
"24/11/2025 05:30:00","05:30:00","LDIn2P_T1_ConsoMasse_PO_Tot","98597,09375"
"24/11/2025 05:30:00","05:30:00","LDIn2P_T2_ConsoMasse_ISO_Tot","67359,953125"
"24/11/2025 05:30:00","05:30:00","LDIn2P_T2_ConsoMasse_PO_Tot","98635,1796875"
"24/11/2025 13:30:00","13:30:00","CIn1P_T1_ConsoMasse_ISO_Tot","54184,64453125"
"24/11/2025 13:30:00","13:30:00","CIn1P_T1_ConsoMasse_PO_Tot","79708,21875"
"24/11/2025 13:30:00","13:30:00","CIn1P_T2_ConsoMasse_ISO_Tot","54036,08984375"
"24/11/2025 13:30:00","13:30:00","CIn1P_T2_ConsoMasse_PO_Tot","79858,265625"
"24/11/2025 13:30:00","13:30:00","FIn1P_T1_ConsoMasse_ISO_Tot","77674,1484375"
"24/11/2025 13:30:00","13:30:00","FIn1P_T1_ConsoMasse_PO_Tot","114831,3984375"
"24/11/2025 13:30:00","13:30:00","FIn1P_T2_ConsoMasse_ISO_Tot","77662,65625"
"24/11/2025 13:30:00","13:30:00","FIn1P_T2_ConsoMasse_PO_Tot","114954,4765625"
"24/11/2025 13:30:00","13:30:00","FIn2P_T1_ConsoMasse_ISO_Tot","73792,9921875"
"24/11/2025 13:30:00","13:30:00","FIn2P_T1_ConsoMasse_PO_Tot","109227,5078125"
"24/11/2025 13:30:00","13:30:00","FIn2P_T2_ConsoMasse_ISO_Tot","73834,265625"
"24/11/2025 13:30:00","13:30:00","FIn2P_T2_ConsoMasse_PO_Tot","109614,8671875"
"24/11/2025 13:30:00","13:30:00","JInjP_T1_ConsoMasse_ISO_Tot","62186,625"
"24/11/2025 13:30:00","13:30:00","JInjP_T1_ConsoMasse_PO_Tot","91684,1796875"
"24/11/2025 13:30:00","13:30:00","JInjP_T2_ConsoMasse_ISO_Tot","62567,0703125"
"24/11/2025 13:30:00","13:30:00","JInjP_T2_ConsoMasse_PO_Tot","91862,390625"
"24/11/2025 13:30:00","13:30:00","LDIn1P_T1_ConsoMasse_ISO_Tot","62666,890625"
"24/11/2025 13:30:00","13:30:00","LDIn1P_T1_ConsoMasse_PO_Tot","93081,4140625"
"24/11/2025 13:30:00","13:30:00","LDIn1P_T2_ConsoMasse_ISO_Tot","63254,50390625"
"24/11/2025 13:30:00","13:30:00","LDIn1P_T2_ConsoMasse_PO_Tot","93294,515625"
"24/11/2025 13:30:00","13:30:00","LDIn2P_T1_ConsoMasse_ISO_Tot","64512,96484375"
"24/11/2025 13:30:00","13:30:00","LDIn2P_T1_ConsoMasse_PO_Tot","95582,5546875"
"24/11/2025 13:30:00","13:30:00","LDIn2P_T2_ConsoMasse_ISO_Tot","64518,5234375"
"24/11/2025 13:30:00","13:30:00","LDIn2P_T2_ConsoMasse_PO_Tot","95616,84375"
"24/11/2025 21:30:00","21:30:00","CIn1P_T1_ConsoMasse_ISO_Tot","67244,71875"
"24/11/2025 21:30:00","21:30:00","CIn1P_T1_ConsoMasse_PO_Tot","97935,2109375"
"24/11/2025 21:30:00","21:30:00","CIn1P_T2_ConsoMasse_ISO_Tot","67205,734375"
"24/11/2025 21:30:00","21:30:00","CIn1P_T2_ConsoMasse_PO_Tot","98389,1875"
"24/11/2025 21:30:00","21:30:00","FIn1P_T1_ConsoMasse_ISO_Tot","75686,0546875"
"24/11/2025 21:30:00","21:30:00","FIn1P_T1_ConsoMasse_PO_Tot","112344,3515625"
"24/11/2025 21:30:00","21:30:00","FIn1P_T2_ConsoMasse_ISO_Tot","75674,8515625"
"24/11/2025 21:30:00","21:30:00","FIn1P_T2_ConsoMasse_PO_Tot","112464,7578125"
"24/11/2025 21:30:00","21:30:00","FIn2P_T1_ConsoMasse_ISO_Tot","71554,296875"
"24/11/2025 21:30:00","21:30:00","FIn2P_T1_ConsoMasse_PO_Tot","106524,5"
"24/11/2025 21:30:00","21:30:00","FIn2P_T2_ConsoMasse_ISO_Tot","71594,3203125"
"24/11/2025 21:30:00","21:30:00","FIn2P_T2_ConsoMasse_PO_Tot","106902,2734375"
"24/11/2025 21:30:00","21:30:00","JInjP_T1_ConsoMasse_ISO_Tot","57542,27734375"
"24/11/2025 21:30:00","21:30:00","JInjP_T1_ConsoMasse_PO_Tot","84928,0859375"
"24/11/2025 21:30:00","21:30:00","JInjP_T2_ConsoMasse_ISO_Tot","57454,84375"
"24/11/2025 21:30:00","21:30:00","JInjP_T2_ConsoMasse_PO_Tot","85598,875"
"24/11/2025 21:30:00","21:30:00","LDIn1P_T1_ConsoMasse_ISO_Tot","61555,6796875"
"24/11/2025 21:30:00","21:30:00","LDIn1P_T1_ConsoMasse_PO_Tot","92591,2734375"
"24/11/2025 21:30:00","21:30:00","LDIn1P_T2_ConsoMasse_ISO_Tot","62132,87109375"
"24/11/2025 21:30:00","21:30:00","LDIn1P_T2_ConsoMasse_PO_Tot","92714,4921875"
"24/11/2025 21:30:00","21:30:00","LDIn2P_T1_ConsoMasse_ISO_Tot","62010,046875"
"24/11/2025 21:30:00","21:30:00","LDIn2P_T1_ConsoMasse_PO_Tot","92264,2265625"
"24/11/2025 21:30:00","21:30:00","LDIn2P_T2_ConsoMasse_ISO_Tot","62015,390625"
"24/11/2025 21:30:00","21:30:00","LDIn2P_T2_ConsoMasse_PO_Tot","92297,328125"
"25/11/2025 05:30:00","05:30:00","CIn1P_T1_ConsoMasse_ISO_Tot","69471,328125"
"25/11/2025 05:30:00","05:30:00","CIn1P_T1_ConsoMasse_PO_Tot","102144,078125"
"25/11/2025 05:30:00","05:30:00","CIn1P_T2_ConsoMasse_ISO_Tot","70142,6484375"
"25/11/2025 05:30:00","05:30:00","CIn1P_T2_ConsoMasse_PO_Tot","102448,9765625"
"25/11/2025 05:30:00","05:30:00","FIn1P_T1_ConsoMasse_ISO_Tot","32388,650390625"
"25/11/2025 05:30:00","05:30:00","FIn1P_T1_ConsoMasse_PO_Tot","48515,25"
"25/11/2025 05:30:00","05:30:00","FIn1P_T2_ConsoMasse_ISO_Tot","32439,08203125"
"25/11/2025 05:30:00","05:30:00","FIn1P_T2_ConsoMasse_PO_Tot","48544,78515625"
"25/11/2025 05:30:00","05:30:00","FIn2P_T1_ConsoMasse_ISO_Tot","41701,078125"
"25/11/2025 05:30:00","05:30:00","FIn2P_T1_ConsoMasse_PO_Tot","61463,21484375"
"25/11/2025 05:30:00","05:30:00","FIn2P_T2_ConsoMasse_ISO_Tot","41724,3984375"
"25/11/2025 05:30:00","05:30:00","FIn2P_T2_ConsoMasse_PO_Tot","61681,1796875"
"25/11/2025 05:30:00","05:30:00","JInjP_T1_ConsoMasse_ISO_Tot","42469,06640625"
"25/11/2025 05:30:00","05:30:00","JInjP_T1_ConsoMasse_PO_Tot","62356,48046875"
"25/11/2025 05:30:00","05:30:00","JInjP_T2_ConsoMasse_ISO_Tot","42451,06640625"
"25/11/2025 05:30:00","05:30:00","JInjP_T2_ConsoMasse_PO_Tot","62740,2265625"
"25/11/2025 05:30:00","05:30:00","LDIn1P_T1_ConsoMasse_ISO_Tot","66048,1875"
"25/11/2025 05:30:00","05:30:00","LDIn1P_T1_ConsoMasse_PO_Tot","97771,1328125"
"25/11/2025 05:30:00","05:30:00","LDIn1P_T2_ConsoMasse_ISO_Tot","66667,5078125"
"25/11/2025 05:30:00","05:30:00","LDIn1P_T2_ConsoMasse_PO_Tot","97901,234375"
"25/11/2025 05:30:00","05:30:00","LDIn2P_T1_ConsoMasse_ISO_Tot","66146,3984375"
"25/11/2025 05:30:00","05:30:00","LDIn2P_T1_ConsoMasse_PO_Tot","97271,21875"
"25/11/2025 05:30:00","05:30:00","LDIn2P_T2_ConsoMasse_ISO_Tot","66177,2265625"
"25/11/2025 05:30:00","05:30:00","LDIn2P_T2_ConsoMasse_PO_Tot","97342,9921875"
"25/11/2025 13:30:00","13:30:00","CIn1P_T1_ConsoMasse_ISO_Tot","64697,1015625"
"25/11/2025 13:30:00","13:30:00","CIn1P_T1_ConsoMasse_PO_Tot","94664,796875"
"25/11/2025 13:30:00","13:30:00","CIn1P_T2_ConsoMasse_ISO_Tot","64530,4765625"
"25/11/2025 13:30:00","13:30:00","CIn1P_T2_ConsoMasse_PO_Tot","94711,3828125"
"25/11/2025 13:30:00","13:30:00","FIn1P_T1_ConsoMasse_ISO_Tot","11462,703125"
"25/11/2025 13:30:00","13:30:00","FIn1P_T1_ConsoMasse_PO_Tot","17483,171875"
"25/11/2025 13:30:00","13:30:00","FIn1P_T2_ConsoMasse_ISO_Tot","11480,5517578125"
"25/11/2025 13:30:00","13:30:00","FIn1P_T2_ConsoMasse_PO_Tot","17493,81640625"
"25/11/2025 13:30:00","13:30:00","FIn2P_T1_ConsoMasse_ISO_Tot","11347,9208984375"
"25/11/2025 13:30:00","13:30:00","FIn2P_T1_ConsoMasse_PO_Tot","17502,51171875"
"25/11/2025 13:30:00","13:30:00","FIn2P_T2_ConsoMasse_ISO_Tot","11296,95703125"
"25/11/2025 13:30:00","13:30:00","FIn2P_T2_ConsoMasse_PO_Tot","17490,0078125"
"25/11/2025 13:30:00","13:30:00","JInjP_T1_ConsoMasse_ISO_Tot","64091,5078125"
"25/11/2025 13:30:00","13:30:00","JInjP_T1_ConsoMasse_PO_Tot","94030,5859375"
"25/11/2025 13:30:00","13:30:00","JInjP_T2_ConsoMasse_ISO_Tot","63469,05078125"
"25/11/2025 13:30:00","13:30:00","JInjP_T2_ConsoMasse_PO_Tot","94037,1015625"
"25/11/2025 13:30:00","13:30:00","LDIn1P_T1_ConsoMasse_ISO_Tot","64661,75390625"
"25/11/2025 13:30:00","13:30:00","LDIn1P_T1_ConsoMasse_PO_Tot","94386,4921875"
"25/11/2025 13:30:00","13:30:00","LDIn1P_T2_ConsoMasse_ISO_Tot","64570,171875"
"25/11/2025 13:30:00","13:30:00","LDIn1P_T2_ConsoMasse_PO_Tot","95366,5390625"
"25/11/2025 13:30:00","13:30:00","LDIn2P_T1_ConsoMasse_ISO_Tot","62525,2421875"
"25/11/2025 13:30:00","13:30:00","LDIn2P_T1_ConsoMasse_PO_Tot","92324,4375"
"25/11/2025 13:30:00","13:30:00","LDIn2P_T2_ConsoMasse_ISO_Tot","62400,05859375"
"25/11/2025 13:30:00","13:30:00","LDIn2P_T2_ConsoMasse_PO_Tot","91737,9140625"
"25/11/2025 21:30:00","21:30:00","CIn1P_T1_ConsoMasse_ISO_Tot","54761,12890625"
"25/11/2025 21:30:00","21:30:00","CIn1P_T1_ConsoMasse_PO_Tot","80525,6953125"
"25/11/2025 21:30:00","21:30:00","CIn1P_T2_ConsoMasse_ISO_Tot","54652,34765625"
"25/11/2025 21:30:00","21:30:00","CIn1P_T2_ConsoMasse_PO_Tot","80612,65625"
"25/11/2025 21:30:00","21:30:00","FIn1P_T1_ConsoMasse_ISO_Tot","43005,88671875"
"25/11/2025 21:30:00","21:30:00","FIn1P_T1_ConsoMasse_PO_Tot","64541,15234375"
"25/11/2025 21:30:00","21:30:00","FIn1P_T2_ConsoMasse_ISO_Tot","42809,9921875"
"25/11/2025 21:30:00","21:30:00","FIn1P_T2_ConsoMasse_PO_Tot","64754,91015625"
"25/11/2025 21:30:00","21:30:00","FIn2P_T1_ConsoMasse_ISO_Tot","40884,97265625"
"25/11/2025 21:30:00","21:30:00","FIn2P_T1_ConsoMasse_PO_Tot","62539,5078125"
"25/11/2025 21:30:00","21:30:00","FIn2P_T2_ConsoMasse_ISO_Tot","40701,35546875"
"25/11/2025 21:30:00","21:30:00","FIn2P_T2_ConsoMasse_PO_Tot","62494,828125"
"25/11/2025 21:30:00","21:30:00","JInjP_T1_ConsoMasse_ISO_Tot","63184,87109375"
"25/11/2025 21:30:00","21:30:00","JInjP_T1_ConsoMasse_PO_Tot","92068,515625"
"25/11/2025 21:30:00","21:30:00","JInjP_T2_ConsoMasse_ISO_Tot","63133,8046875"
"25/11/2025 21:30:00","21:30:00","JInjP_T2_ConsoMasse_PO_Tot","92919,1796875"
"25/11/2025 21:30:00","21:30:00","LDIn1P_T1_ConsoMasse_ISO_Tot","44859,9140625"
"25/11/2025 21:30:00","21:30:00","LDIn1P_T1_ConsoMasse_PO_Tot","66975,421875"
"25/11/2025 21:30:00","21:30:00","LDIn1P_T2_ConsoMasse_ISO_Tot","44771,140625"
"25/11/2025 21:30:00","21:30:00","LDIn1P_T2_ConsoMasse_PO_Tot","67633,6796875"
"25/11/2025 21:30:00","21:30:00","LDIn2P_T1_ConsoMasse_ISO_Tot","57977,859375"
"25/11/2025 21:30:00","21:30:00","LDIn2P_T1_ConsoMasse_PO_Tot","86002,515625"
"25/11/2025 21:30:00","21:30:00","LDIn2P_T2_ConsoMasse_ISO_Tot","57861,78125"
"25/11/2025 21:30:00","21:30:00","LDIn2P_T2_ConsoMasse_PO_Tot","85456,15625"
"26/11/2025 05:30:00","05:30:00","CIn1P_T1_ConsoMasse_ISO_Tot","55928,4921875"
"26/11/2025 05:30:00","05:30:00","CIn1P_T1_ConsoMasse_PO_Tot","81834,5703125"
"26/11/2025 05:30:00","05:30:00","CIn1P_T2_ConsoMasse_ISO_Tot","55784,44921875"
"26/11/2025 05:30:00","05:30:00","CIn1P_T2_ConsoMasse_PO_Tot","81874,8359375"
"26/11/2025 05:30:00","05:30:00","FIn1P_T1_ConsoMasse_ISO_Tot","56137,70703125"
"26/11/2025 05:30:00","05:30:00","FIn1P_T1_ConsoMasse_PO_Tot","83417,4765625"
"26/11/2025 05:30:00","05:30:00","FIn1P_T2_ConsoMasse_ISO_Tot","55881,99609375"
"26/11/2025 05:30:00","05:30:00","FIn1P_T2_ConsoMasse_PO_Tot","83693,75"
"26/11/2025 05:30:00","05:30:00","FIn2P_T1_ConsoMasse_ISO_Tot","52138,015625"
"26/11/2025 05:30:00","05:30:00","FIn2P_T1_ConsoMasse_PO_Tot","78287,7109375"
"26/11/2025 05:30:00","05:30:00","FIn2P_T2_ConsoMasse_ISO_Tot","51903,859375"
"26/11/2025 05:30:00","05:30:00","FIn2P_T2_ConsoMasse_PO_Tot","78231,7890625"
"26/11/2025 05:30:00","05:30:00","JInjP_T1_ConsoMasse_ISO_Tot","61260,52734375"
"26/11/2025 05:30:00","05:30:00","JInjP_T1_ConsoMasse_PO_Tot","89535,1328125"
"26/11/2025 05:30:00","05:30:00","JInjP_T2_ConsoMasse_ISO_Tot","60337,890625"
"26/11/2025 05:30:00","05:30:00","JInjP_T2_ConsoMasse_PO_Tot","89283,3046875"
"26/11/2025 05:30:00","05:30:00","LDIn1P_T1_ConsoMasse_ISO_Tot","66650,53125"
"26/11/2025 05:30:00","05:30:00","LDIn1P_T1_ConsoMasse_PO_Tot","97016,515625"
"26/11/2025 05:30:00","05:30:00","LDIn1P_T2_ConsoMasse_ISO_Tot","66556,1328125"
"26/11/2025 05:30:00","05:30:00","LDIn1P_T2_ConsoMasse_PO_Tot","98023,8671875"
"26/11/2025 05:30:00","05:30:00","LDIn2P_T1_ConsoMasse_ISO_Tot","67982,1015625"
"26/11/2025 05:30:00","05:30:00","LDIn2P_T1_ConsoMasse_PO_Tot","99804,5234375"
"26/11/2025 05:30:00","05:30:00","LDIn2P_T2_ConsoMasse_ISO_Tot","67845,9921875"
"26/11/2025 05:30:00","05:30:00","LDIn2P_T2_ConsoMasse_PO_Tot","99170,4765625"
"26/11/2025 13:30:00","13:30:00","CIn1P_T1_ConsoMasse_ISO_Tot","68751,7578125"
"26/11/2025 13:30:00","13:30:00","CIn1P_T1_ConsoMasse_PO_Tot","101384,6875"
"26/11/2025 13:30:00","13:30:00","CIn1P_T2_ConsoMasse_ISO_Tot","68781,53125"
"26/11/2025 13:30:00","13:30:00","CIn1P_T2_ConsoMasse_PO_Tot","101290,9765625"
"26/11/2025 13:30:00","13:30:00","FIn1P_T1_ConsoMasse_ISO_Tot","49814,57421875"
"26/11/2025 13:30:00","13:30:00","FIn1P_T1_ConsoMasse_PO_Tot","74770,0078125"
"26/11/2025 13:30:00","13:30:00","FIn1P_T2_ConsoMasse_ISO_Tot","49492,7109375"
"26/11/2025 13:30:00","13:30:00","FIn1P_T2_ConsoMasse_PO_Tot","74447,625"
"26/11/2025 13:30:00","13:30:00","FIn2P_T1_ConsoMasse_ISO_Tot","46043,34765625"
"26/11/2025 13:30:00","13:30:00","FIn2P_T1_ConsoMasse_PO_Tot","69291,3671875"
"26/11/2025 13:30:00","13:30:00","FIn2P_T2_ConsoMasse_ISO_Tot","45836,5625"
"26/11/2025 13:30:00","13:30:00","FIn2P_T2_ConsoMasse_PO_Tot","69241,8671875"
"26/11/2025 13:30:00","13:30:00","JInjP_T1_ConsoMasse_ISO_Tot","62836,3515625"
"26/11/2025 13:30:00","13:30:00","JInjP_T1_ConsoMasse_PO_Tot","91650,8046875"
"26/11/2025 13:30:00","13:30:00","JInjP_T2_ConsoMasse_ISO_Tot","62642,71875"
"26/11/2025 13:30:00","13:30:00","JInjP_T2_ConsoMasse_PO_Tot","92663,4921875"
"26/11/2025 13:30:00","13:30:00","LDIn1P_T1_ConsoMasse_ISO_Tot","63438,86328125"
"26/11/2025 13:30:00","13:30:00","LDIn1P_T1_ConsoMasse_PO_Tot","92870,7734375"
"26/11/2025 13:30:00","13:30:00","LDIn1P_T2_ConsoMasse_ISO_Tot","63411,90234375"
"26/11/2025 13:30:00","13:30:00","LDIn1P_T2_ConsoMasse_PO_Tot","93928,2421875"
"26/11/2025 13:30:00","13:30:00","LDIn2P_T1_ConsoMasse_ISO_Tot","63479,94140625"
"26/11/2025 13:30:00","13:30:00","LDIn2P_T1_ConsoMasse_PO_Tot","93239,1640625"
"26/11/2025 13:30:00","13:30:00","LDIn2P_T2_ConsoMasse_ISO_Tot","63352,84375"
"26/11/2025 13:30:00","13:30:00","LDIn2P_T2_ConsoMasse_PO_Tot","92646,828125"
"26/11/2025 21:30:00","21:30:00","CIn1P_T1_ConsoMasse_ISO_Tot","0"
"26/11/2025 21:30:00","21:30:00","CIn1P_T1_ConsoMasse_PO_Tot","0"
"26/11/2025 21:30:00","21:30:00","CIn1P_T2_ConsoMasse_ISO_Tot","0"
"26/11/2025 21:30:00","21:30:00","CIn1P_T2_ConsoMasse_PO_Tot","0"
"26/11/2025 21:30:00","21:30:00","FIn1P_T1_ConsoMasse_ISO_Tot","0"
"26/11/2025 21:30:00","21:30:00","FIn1P_T1_ConsoMasse_PO_Tot","0"
"26/11/2025 21:30:00","21:30:00","FIn1P_T2_ConsoMasse_ISO_Tot","0"
"26/11/2025 21:30:00","21:30:00","FIn1P_T2_ConsoMasse_PO_Tot","0"
"26/11/2025 21:30:00","21:30:00","FIn2P_T1_ConsoMasse_ISO_Tot","0"
"26/11/2025 21:30:00","21:30:00","FIn2P_T1_ConsoMasse_PO_Tot","0"
"26/11/2025 21:30:00","21:30:00","FIn2P_T2_ConsoMasse_ISO_Tot","0"
"26/11/2025 21:30:00","21:30:00","FIn2P_T2_ConsoMasse_PO_Tot","0"
"26/11/2025 21:30:00","21:30:00","JInjP_T1_ConsoMasse_ISO_Tot","0"
"26/11/2025 21:30:00","21:30:00","JInjP_T1_ConsoMasse_PO_Tot","0"
"26/11/2025 21:30:00","21:30:00","JInjP_T2_ConsoMasse_ISO_Tot","0"
"26/11/2025 21:30:00","21:30:00","JInjP_T2_ConsoMasse_PO_Tot","0"
"26/11/2025 21:30:00","21:30:00","LDIn1P_T1_ConsoMasse_ISO_Tot","0"
"26/11/2025 21:30:00","21:30:00","LDIn1P_T1_ConsoMasse_PO_Tot","0"
"26/11/2025 21:30:00","21:30:00","LDIn1P_T2_ConsoMasse_ISO_Tot","0"
"26/11/2025 21:30:00","21:30:00","LDIn1P_T2_ConsoMasse_PO_Tot","0"
"26/11/2025 21:30:00","21:30:00","LDIn2P_T1_ConsoMasse_ISO_Tot","0"
"26/11/2025 21:30:00","21:30:00","LDIn2P_T1_ConsoMasse_PO_Tot","0"
"26/11/2025 21:30:00","21:30:00","LDIn2P_T2_ConsoMasse_ISO_Tot","0"
"26/11/2025 21:30:00","21:30:00","LDIn2P_T2_ConsoMasse_PO_Tot","0"
